Categoria,Valor
Orn-Dickens,187
Aufderhar-Conn,73
Conn-Hane,180
"Wolff, O'Conner and Hermann",83
"Bergstrom, Dickinson and Kihn",56
Collins-Bosco,30
"Balistreri, Jast and Miller",46
Dietrich-Cole,159
"Halvorson, Kuhlman and Lesch",114
Grant Inc,200
"Rippin, Aufderhar and Weber",108
Ziemann Inc,95
Hettinger-Beer,50
Lebsack-Wintheiser,96
"Turner, Miller and Harris",89
Heaney-Mann,162
Fahey-Wilkinson,89
Hartmann-Ortiz,178
"Heaney, Rath and Collier",47
Parisian and Sons,183
Roob Group,23
"Konopelski, Goldner and Heidenreich",140
Crist Group,144
"Greenfelder, Kutch and Harber",142
"Keebler, Marquardt and Ratke",162
Schmitt LLC,56
Boyer-Ruecker,147
Ebert-Marquardt,41
McLaughlin-Koepp,61
Macejkovic and Sons,17
Bruen and Sons,120
Romaguera-Koch,91
"Haley, Hilpert and Bartell",128
"Konopelski, Boyle and Cassin",169
"Schaden, Kling and Kutch",68
Maggio Inc,162
"Connelly, Kris and Satterfield",132
Cronin Group,110
Brakus LLC,16
"Oberbrunner, Rippin and Corkery",131
Harris Group,155
Wilkinson and Sons,88
"Walter, Hickle and Tillman",134
Hyatt-Cassin,60
Tromp LLC,160
Gottlieb-Deckow,127
"O'Conner, Dach and Witting",179
Tremblay Inc,94
"Fritsch, Homenick and Beer",28
Huel LLC,146
